{"name":"Fedora 14 32-bit","id":"fedora14-i386","attributes":[{"name":"type","value":"SVC","updated":"2011-04-15T19:15:25.192+0000","created":"2011-04-15T19:15:25.192+0000"}],"multiplier":1,"productContent":[{"content":{"name":"Fedora 14 x86 Content","id":"10","type":"yum","modifiedProductIds":[],"contentUrl":"http://download.fedoraproject.org/pub/fedora/linux/releases/14/Fedora/i386/os/","label":"fedora14-x86-content","vendor":"fedora","gpgUrl":"","metadataExpire":null,"requiredTags":null,"updated":"2011-04-15T19:15:25.305+0000","created":"2011-04-15T19:15:25.305+0000"},"flexEntitlement":0,"physicalEntitlement":0,"enabled":true}],"dependentProductIds":[],"href":"/products/fedora14-i386","updated":"2011-04-15T19:15:25.191+0000","created":"2011-04-15T19:15:25.191+0000"}