{"name":"Fedora 14 64-bit","id":"fedora14-x86_64","attributes":[{"name":"type","value":"SVC","updated":"2011-04-15T19:15:25.245+0000","created":"2011-04-15T19:15:25.245+0000"}],"multiplier":1,"productContent":[{"content":{"name":"Fedora 14 x86_64 Content","id":"11","type":"yum","modifiedProductIds":[],"contentUrl":"http://download.fedoraproject.org/pub/fedora/linux/releases/14/Fedora/x86_64/os/","label":"fedora14-x86_64-content","vendor":"fedora","gpgUrl":"","metadataExpire":null,"requiredTags":null,"updated":"2011-04-15T19:15:25.361+0000","created":"2011-04-15T19:15:25.361+0000"},"flexEntitlement":0,"physicalEntitlement":0,"enabled":true}],"dependentProductIds":[],"href":"/products/fedora14-x86_64","updated":"2011-04-15T19:15:25.245+0000","created":"2011-04-15T19:15:25.245+0000"}