{"name":"Red Hat Enterprise Linux 6 Server 32-bit","id":"rhel6-server-i386","attributes":[{"name":"type","value":"SVC","updated":"2011-04-15T19:15:25.589+0000","created":"2011-04-15T19:15:25.589+0000"}],"multiplier":1,"productContent":[{"content":{"name":"RHEL 6 x86 Content","id":"20","type":"yum","modifiedProductIds":[],"contentUrl":"/content/dist/rhel/rhui/server-6/releases/6Server/i386/os","label":"rhel6-x86-content","vendor":"redhat","gpgUrl":"","metadataExpire":null,"requiredTags":null,"updated":"2011-04-15T19:15:25.703+0000","created":"2011-04-15T19:15:25.703+0000"},"flexEntitlement":0,"physicalEntitlement":0,"enabled":true}],"dependentProductIds":[],"href":"/products/rhel6-server-i386","updated":"2011-04-15T19:15:25.588+0000","created":"2011-04-15T19:15:25.588+0000"}