{"name":"Red Hat Enterprise Linux 6 Server 64-bit","id":"rhel6-server-x86_64","attributes":[{"name":"type","value":"SVC","updated":"2011-04-15T19:15:25.645+0000","created":"2011-04-15T19:15:25.645+0000"}],"multiplier":1,"productContent":[{"content":{"name":"RHEL 6 x86_64 Content","id":"21","type":"yum","modifiedProductIds":[],"contentUrl":"/content/dist/rhel/rhui/server-6/releases/6Server/x86_64/os","label":"rhel6-x86_64-content","vendor":"redhat","gpgUrl":"","metadataExpire":null,"requiredTags":null,"updated":"2011-04-15T19:15:25.762+0000","created":"2011-04-15T19:15:25.762+0000"},"flexEntitlement":0,"physicalEntitlement":0,"enabled":true}],"dependentProductIds":[],"href":"/products/rhel6-server-x86_64","updated":"2011-04-15T19:15:25.645+0000","created":"2011-04-15T19:15:25.645+0000"}