{"name":"RHUI 32-bit","id":"rhui-i386","attributes":[{"name":"type","value":"SVC","updated":"2011-04-15T19:15:24.733+0000","created":"2011-04-15T19:15:24.733+0000"}],"multiplier":1,"productContent":[{"content":{"name":"RHUI x86 Content","id":"1","type":"yum","modifiedProductIds":[],"contentUrl":"/content/dist/rhel/rhui/server/5Server/i386/rhui/1.2/os/","label":"rhui-x86-content","vendor":"redhat","gpgUrl":"","metadataExpire":null,"requiredTags":null,"updated":"2011-04-15T19:15:24.869+0000","created":"2011-04-15T19:15:24.869+0000"},"flexEntitlement":0,"physicalEntitlement":0,"enabled":true}],"dependentProductIds":[],"href":"/products/rhui-i386","updated":"2011-04-15T19:15:24.732+0000","created":"2011-04-15T19:15:24.732+0000"}