{"name":"RHUI 64-bit","id":"rhui-x86_64","attributes":[{"name":"type","value":"SVC","updated":"2011-04-15T19:15:24.813+0000","created":"2011-04-15T19:15:24.813+0000"}],"multiplier":1,"productContent":[{"content":{"name":"RHUI x86_64 Content","id":"2","type":"yum","modifiedProductIds":[],"contentUrl":"/content/dist/rhel/rhui/server/5Server/x86_64/rhui/1.2/os/","label":"rhui-x86_64-content","vendor":"redhat","gpgUrl":"","metadataExpire":null,"requiredTags":null,"updated":"2011-04-15T19:15:24.931+0000","created":"2011-04-15T19:15:24.931+0000"},"flexEntitlement":0,"physicalEntitlement":0,"enabled":true}],"dependentProductIds":[],"href":"/products/rhui-x86_64","updated":"2011-04-15T19:15:24.813+0000","created":"2011-04-15T19:15:24.813+0000"}